{"cameraMode":{"drawMode":0,"name":"Shaded","section":"Shading Mode"},"sceneLighting":true,"audioPlay":false,"sceneViewState":{"m_AlwaysRefresh":true,"showFog":true,"showSkybox":true,"showFlares":true,"showImageEffects":true,"showParticleSystems":true,"showVisualEffectGraphs":true,"m_FxEnabled":true},"in2DMode":false,"pivot":{"x":-3.170194387435913,"y":16.648677825927736,"z":-37.822288513183597},"rotation":{"x":-0.0003609331033658236,"y":-0.9995905756950378,"z":-0.014684945344924927,"w":0.024601560086011888},"size":15.057350158691407,"orthographic":false}