{"cameraMode":{"drawMode":0,"name":"Shaded","section":"Shading Mode"},"sceneLighting":true,"audioPlay":false,"sceneViewState":{"m_AlwaysRefresh":true,"showFog":true,"showSkybox":true,"showFlares":true,"showImageEffects":true,"showParticleSystems":true,"showVisualEffectGraphs":true,"m_FxEnabled":true},"in2DMode":false,"pivot":{"x":1.7061491012573243,"y":9.848718643188477,"z":-37.65976333618164},"rotation":{"x":-0.0007615937502123416,"y":-0.9988914132118225,"z":0.04378935322165489,"w":-0.017375875264406205},"size":15.057350158691407,"orthographic":false}